Station1_ID,Station2_ID
MRT_LAK SONG,MRT_BANG KHAE
MRT_BANG KHAE,MRT_PHETKASEM 48
MRT_PHETKASEM 48,MRT_PHASI CHAROEN
MRT_PHASI CHAROEN,MRT_BANG WA
MRT_BANG WA,MRT_BANG PHAI
MRT_BANG PHAI,MRT_THA PHRA
MRT_THA PHRA,MRT_ITSARAPHAP
MRT_ITSARAPHAP,MRT_THA PH RA
MRT_THA PH RA,MRT_SANAM CHAI
MRT_SANAM CHAI,MRT_SAM YOT
MRT_SAM YOT,MRT_WAT MANGKON
MRT_WAT MANGKON,MRT_HUA LAMPHONG
MRT_HUA LAMPHONG,MRT_SAMYAN
MRT_SAMYAN,MRT_SILOM
MRT_SILOM,MRT_LUMPHI NI
MRT_LUMPHI NI,MRT_KHLONG TOEI
MRT_KHLONG TOEI,MRT_QUEEN SIRIKIT NATIONAL CONVENTION
MRT_QUEEN SIRIKIT NATIONAL CONVENTION,MRT_SUKHUMVIT
MRT_SUKHUMVIT,MRT_PHETCHABURI
MRT_PHETCHABURI,MRT_RAMA 9
MRT_RAMA 9,MRT_THAILAND CULTURAL CENTRE
MRT_THAILAND CULTURAL CENTRE,MRT_SUTTHISAN
MRT_SUTTHISAN,MRT_RATCHADAPHISEK
MRT_RATCHADAPHISEK,MRT_LAT PHRAO
MRT_LAT PHRAO,MRT_PHAHONYOTHIN
MRT_PHAHONYOTHIN,MRT_CHATUCHAK
MRT_CHATUCHAK,MRT_KAMPHAENG PHET
MRT_KAMPHAENG PHET,MRT_BANG SUE
MRT_BANG SUE,MRT_TAO POON
MRT_TAO POON,MRT_BANG PHO
MRT_BANG PHO,MRT_BANG O
MRT_BANG O,MRT_BANG PHLAT
MRT_BANG PHLAT,MRT_SIRINDHORN
MRT_SIRINDHORN,MRT_BANG YI KHAN
MRT_BANG YI KHAN,MRT_BANG KHUN NON
MRT_BANG KHUN NON,MRT_FAI CHAI
MRT_FAI CHAI,MRT_CHARAN 13
MRT_CHARAN 13,MRT_THA PHRA