Blue Line,,,Sukhumvit Line,,,Silom Line,,
Station_ID,Station_Name,Thai_Name,Station_ID,Station_Name,Thai_Name,Station_ID,Station_Name,Thai_Name
MRT_LAK SONG,LAK SONG,หลักสอง,BTS_KHU KHOT,KHU KHOT,คูคต,BTS_NATIONAL STADIUM,NATIONAL STADIUM,สนามกีฬาแห่งชาติ
MRT_BANG KHAE,BANG KHAE,บางแค,BTS_YAEK KOR POR AOR,YAEK KOR POR AOR,แยก คปอ,BTS_SILOM_SIAM,SIAM,สยาม
MRT_PHASI CHAROEN,PHASI CHAROEN,ภาษีเจริญ,BTS_ROYAL THAI AIR FORCE MUSEUM,ROYAL THAI AIR FORCE MUSEUM,พิพิธภัณฑ์กองทัพอากาศ,BTS_RATCHADAMRI,RATCHADAMRI,ราชดำริ
MRT_PHETKASEM 48,PHETKASEM 48,เพชรเกษม 48,BTS_BHUMIBOL ADULYADEJ HOSPITAL,BHUMIBOL ADULYADEJ HOSPITAL,โรงพยาบาลภูมิพลอดุลยเดช,BTS_SALA DAENG,SALA DAENG,ศาลาแดง
MRT_BANG WA,BANG WA,บางหว้า,BTS_SAPHAN MAI,SAPHAN MAI,สะพานใหม่,BTS_CHONG NONSI,CHONG NONSI,ช่องนนทรี
MRT_BANG PHAI,BANG PHAI,บางไผ่,BTS_SAI YUD,SAI YUD,สายหยุด,BTS_SAINT LOUIS,SAINT LOUIS,เซนต์หลุยส์
MRT_THA PHRA,THA PHRA,ท่าพระ,BTS_PHAHON YOTHIN 59,PHAHON YOTHIN 59,พหลโยธิน 59,BTS_SURASAK,SURASAK,สุรศักดิ์
MRT_ITSARAPHAP,ITSARAPHAP,อิสรภาพ,BTS_WAT PHRA SRI MAHATHAT,WAT PHRA SRI MAHATHAT,วัดพระศรีมหาธาตุ,BTS_SAPHAN TAKSIN,SAPHAN TAKSIN,สะพานตากสิน
MRT_SANAM CHAI,SANAM CHAI,สนามไชย,BTS_11TH INFANTRY REGIMENT,11TH INFANTRY REGIMENT,กรมทหารราบที่ 11,BTS_KRUNG THON BURI,KRUNG THON BURI,กรุงธนบุรี
MRT_SAM YOT,SAM YOT,สามยอด,BTS_BANG BUA,BANG BUA,บางบัว,BTS_WONGWIAN YAI,WONGWIAN YAI,วงเวียนใหญ่
MRT_WAT MANGKON,WAT MANGKON,วัดมังกร,BTS_ROYAL FOREST DEPARTMENT,ROYAL FOREST DEPARTMENT,กรมป่าไม้,BTS_PHO NIMIT,PHO NIMIT,โพธิ์นิมิต
MRT_HUA LAMPHONG,HUA LAMPHONG,หัวลำโพง,BTS_KASETSART UNIVERSITY,KASETSART UNIVERSITY,มหาวิทยาลัยเกษตรศาสตร์,BTS_TALAT PHLU,TALAT PHLU,ตลาดพลู
MRT_SAMYAN,SAMYAN,สามย่าน,BTS_SENA NIKHOM,SENA NIKHOM,เสนานิคม,BTS_WUTTHAKAT,WUTTHAKAT,วุฒากาศ
MRT_SILOM,SILOM,สีลม,BTS_RATCHAYOTHIN,RATCHAYOTHIN,รัชโยธิน,BTS_BANG WA,BANG WA,บางหว้า
MRT_LUMPHINI,LUMPHINI,ลุมพินี,BTS_PHAHON YOTHIN 24,PHAHON YOTHIN 24,พหลโยธิน 24,,,
MRT_KHLONG TOEI,KHLONG TOEI,คลองเตย,BTS_HA YAEK LAT PHRAO,HA YAEK LAT PHRAO,ห้าแยกลาดพร้าว,,,
MRT_QUEEN SIRIKIT NATIONAL CONVENTION,QUEEN SIRIKIT NATIONAL CONVENTION,ศูนย์การประชุมแห่งชาติสิริกิติ์,BTS_MO CHIT,MO CHIT,หมอชิต,,,
MRT_SUKHUMVIT,SUKHUMVIT,สุขุมวิท,BTS_SAPHAN KHWAI,SAPHAN KHWAI,สะพานควาย,,,
MRT_PHETCHABURI,PHETCHABURI,เพชรบุรี,BTS_ARI,ARI,อารีย์,,,
MRT_RAMA 9,RAMA 9,พระราม 9,BTS_SANAM PAO,SANAM PAO,สนามเป้า,,,
MRT_THAILAND CULTURAL CENTRE,THAILAND CULTURAL CENTRE,ศูนย์วัฒนธรรมแห่งประเทศไทย,BTS_VICTORY MONUMENT,VICTORY MONUMENT,อนุสาวรีย์ชัยสมรภูมิ,,,
MRT_SUTTHISAN,SUTTHISAN,สุทธิสาร,BTS_PHAYA THAI,PHAYA THAI,พญาไท,,,
MRT_RATCHADAPHISEK,RATCHADAPHISEK,รัชดาภิเษก,BTS_RATCHATHEWI,RATCHATHEWI,ราชเทวี,,,
MRT_LAT PHRAO,LAT PHRAO,ลาดพร้าว,BTS_SUKHUMVIT_SIAM,SIAM,สยาม,,,
MRT_PHAHONYOTHIN,PHAHONYOTHIN,พหลโยธิน,BTS_CHIT LOM,CHIT LOM,ชิดลม,,,
MRT_CHATUCHAK,CHATUCHAK,จตุจักร,BTS_PHLOEN CHIT,PHLOEN CHIT,เพลินจิต,,,
MRT_KAMPHAENG PHET,KAMPHAENG PHET,กำแพงเพชร,BTS_NANA,NANA,นานา,,,
MRT_BANG SUE,BANG SUE,บางซื่อ,BTS_ASOK,ASOK,อโศก,,,
MRT_TAO POON,TAO POON,เตาปูน,BTS_PHROM PHONG,PHROM PHONG,พร้อมพงษ์,,,
MRT_BANG PHO,BANG PHO,บางโพ,BTS_THONG LO,THONG LO,ทองหล่อ,,,
MRT_BANG O,BANG O,บางอ้อ,BTS_EKKAMAI,EKKAMAI,เอกมัย,,,
MRT_BANG PHLAT,BANG PHLAT,บางพลัด,BTS_PHRA KHANONG,PHRA KHANONG,พระโขนง,,,
MRT_SIRINDHORN,SIRINDHORN,สิรินธร,BTS_ON NUT,ON NUT,อ่อนนุช,,,
MRT_BANG YI KHAN,BANG YI KHAN,บางยี่ขัน,BTS_BANG CHAK,BANG CHAK,บางจาก,,,
MRT_BANG KHUN NON,BANG KHUN NON,บางขุนนนท์,BTS_PUNNAWITHI,PUNNAWITHI,ปุณณวิถี,,,
MRT_FAI CHAI,FAI CHAI,ไฟฉาย,BTS_UDOM SUK,UDOM SUK,อุดมสุข,,,
MRT_CHARAN 13,CHARAN 13,จรัญ 13,BTS_BANG NA,BANG NA,บางนา,,,
,,,BTS_BEARING,BEARING,แบริ่ง,,,
,,,BTS_SAMRONG,SAMRONG,สำโรง,,,
,,,BTS_PU CHAO,PU CHAO,ปู่เจ้า,,,
,,,BTS_CHANG ERAWAN,CHANG ERAWAN,ช้างเอราวัณ,,,
,,,BTS_ROYAL THAI NAVAL ACADEMY,ROYAL THAI NAVAL ACADEMY,โรงเรียนนายเรือ,,,
,,,BTS_PAK NAM,PAK NAM,ปากน้ำ,,,
,,,BTS_SAI LUAT,SAI LUAT,สายลวด,,,
,,,BTS_KHEHA,KHEHA,เคหะฯ,,,